{
	"name": "RZD - PLACKART",
	"model": "immersiverailroading:models/rolling_stock/passenger/rzd-plackart/rzd-plackart.obj",
	"darken_model": "-0.05",
	"properties": {
		"weight_kg": 28000
	},
	"passenger": {
		"slots": 25,
		"center_x": 0,
		"center_y": 1.4,
		"length": 12,
		"width": 2
	},
	"freight": {
		"slots": 12,
		"width": 12,
		"cargo": ["all"]
	},
	"trucks": {
		"front": 8.4, 
		"rear": -8.4
	},
	"couplers": {
		"front_offset": -0.19,
		"rear_offset": -0.19
	},
	"sounds": {
	    "wheels": "sounds/2es5k-011/wheels1.ogg",
	    "clack_front": "sounds/2es5k-011/st1.ogg",
     	"clack_rear": "sounds/2es5k-011/st2.ogg"
	}
}